"","SNP_name_sig",""
"Age","rs12192574","0.016"
"Age","rs173135","3e-04"
"Age","rs1873249","0.0337"
"Age","rs2499683","0.007"
"Age","rs4908563","0.019"
"Age","rs6435074","0.0275"
"Age","rs9469690","0.0495"
"Sex","rs11187534","0.0403"
"Sex","rs1527483","0.0266"
"Sex","rs1565356","0.021"
"Sex","rs1873249","0.0366"
"Sex","rs2301151","0.002"
"Sex","rs2499729","0.0158"
"Sex","rs4713740","0.037"
"Sex","rs6220","0.0417"
"Sex","rs6435074","0.0098"
"Sex","rs643637","0.0085"
"Sex","rs9368793","0.0122"
"Sex","rs937035","0.0067"
"Ethnicity","rs174547","0.0487"
"Ethnicity","rs2499669","0.0396"
"Ethnicity","rs35744813","0.0078"
"Ethnicity","rs4920566","0.0317"
"BMI.Z.Score","rs4253778","0.0483"
"BMI.Z.Score","rs4713740","0.0232"
